{"train loss": NaN, "step": 2, "epoch": 1, "_timestamp": 1671624931.579049, "_runtime": 21.549750089645386, "_step": 2, "learning rate": 1e-05, "validation Dice": 13.509908676147461, "_wandb": {"runtime": 27}}