{"train loss": NaN, "step": 1, "epoch": 1, "_timestamp": 1670169541.1196644, "_runtime": 7.054145336151123, "_step": 0, "_wandb": {"runtime": 19}}