{"train loss": NaN, "step": 79, "epoch": 8, "_timestamp": 1670170408.0245187, "_runtime": 618.8154957294464, "_step": 156, "learning rate": 1.0000000000000004e-08, "validation Dice": 749862.4375}