{"train loss": NaN, "step": 3, "epoch": 1, "_timestamp": 1671627040.0876272, "_runtime": 26.19440722465515, "_step": 4, "learning rate": 1e-05, "validation Dice": 80.75750732421875}