{"train loss": NaN, "step": 3, "epoch": 1, "_timestamp": 1671625595.2960346, "_runtime": 35.78744959831238, "_step": 4, "learning rate": 1e-05, "validation Dice": 64.71476745605469}