{"train loss": NaN, "step": 3, "epoch": 1, "_timestamp": 1671624814.794154, "_runtime": 35.44347786903381, "_step": 4, "learning rate": 1e-05, "validation Dice": 442692.6875, "_wandb": {"runtime": 111}}