{"train loss": NaN, "step": 3, "epoch": 1, "_timestamp": 1671626982.8995426, "_runtime": 21.3714816570282, "_step": 4, "learning rate": 1e-05, "validation Dice": 80.75750732421875, "_wandb": {"runtime": 45}}