{"train loss": NaN, "step": 1, "epoch": 1, "_timestamp": 1671625461.7637193, "_runtime": 21.84345841407776, "_step": 1, "learning rate": 1e-05, "validation Dice": 92.4572525024414}