{"train loss": NaN, "step": 1, "epoch": 1, "_timestamp": 1670171343.2159262, "_runtime": 24.276618242263794, "_step": 0, "_wandb": {"runtime": 28}}