{"train loss": NaN, "step": 1, "epoch": 1, "_timestamp": 1671624714.0182436, "_runtime": 110.68648362159729, "_step": 0, "_wandb": {"runtime": 126}}