{"train loss": NaN, "step": 3, "epoch": 1, "_timestamp": 1670171395.1366518, "_runtime": 20.343143701553345, "_step": 4, "learning rate": 1e-05, "validation Dice": 442692.6875}