{"train loss": NaN, "step": 2, "epoch": 1, "_timestamp": 1671626300.847457, "_runtime": 29.453694820404053, "_step": 3, "learning rate": 1e-05, "validation Dice": 80.75750732421875, "_wandb": {"runtime": 29}}